{"accuracy": [0.8387942314147949, 0.8878827691078186, 0.9058739542961121, 0.9099249243736267, 0.9107589721679688, 0.9250565767288208], "loss": [0.6078275442123413, 0.28188595175743103, 0.23711003363132477, 0.22430886328220367, 0.22166399657726288, 0.17045076191425323], "val_accuracy": [0.3473869264125824, 0.8849363327026367, 0.9222661256790161, 0.9112867712974548, 0.9209486246109009, 0.8519982695579529], "val_loss": [15.541424751281738, 0.4409630000591278, 0.21077032387256622, 0.3041972815990448, 0.23257146775722504, 0.7244065999984741], "learning_rate": [9.999999747378752e-05, 9.999999747378752e-05, 9.999999747378752e-05, 9.999999747378752e-05, 9.999999747378752e-05, 4.999999873689376e-05]}