{"accuracy": [0.5216251611709595, 0.7501489520072937, 0.8190158605575562, 0.8451090455055237, 0.8659597039222717, 0.8750149011611938, 0.8834743499755859, 0.8883593678474426, 0.8956273198127747, 0.9001548886299133, 0.9019420742988586, 0.9082568883895874, 0.9073036909103394, 0.9146907925605774, 0.9109972715377808, 0.9104015231132507, 0.9196949601173401, 0.9170737266540527, 0.9173120260238647, 0.9170737266540527, 0.9225544929504395, 0.9194566607475281, 0.9213630557060242, 0.9272012114524841, 0.9281544089317322, 0.9272012114524841, 0.9264863729476929, 0.9286310076713562, 0.9310139417648315, 0.9305373430252075], "loss": [1.0210541486740112, 0.6151230335235596, 0.48714685440063477, 0.4231940805912018, 0.36988070607185364, 0.34204068779945374, 0.3193907141685486, 0.30129268765449524, 0.2917661666870117, 0.2759995758533478, 0.2664683163166046, 0.2553871273994446, 0.25163745880126953, 0.2392614334821701, 0.24009989202022552, 0.23783035576343536, 0.22616855800151825, 0.21601887047290802, 0.22100810706615448, 0.2156122326850891, 0.20710241794586182, 0.21101470291614532, 0.20762039721012115, 0.20230764150619507, 0.2005302757024765, 0.19647832214832306, 0.19931864738464355, 0.1941431611776352, 0.19012221693992615, 0.18963924050331116], "val_accuracy": [0.739130437374115, 0.8476064801216125, 0.8722002506256104, 0.8849363327026367, 0.8924022912979126, 0.903820812702179, 0.9095301032066345, 0.9165568947792053, 0.921387791633606, 0.9205094575881958, 0.9235836863517761, 0.9270970821380615, 0.9328063130378723, 0.931049644947052, 0.9288537502288818, 0.9328063130378723, 0.9363197088241577, 0.9371980428695679, 0.9358805418014526, 0.938954770565033, 0.9424681663513184, 0.9398331046104431, 0.9420289993286133, 0.9442248344421387, 0.9446640610694885, 0.9464207291603088, 0.9490557909011841, 0.9490557909011841, 0.9477382302284241, 0.9481773972511292], "val_loss": [0.6887518763542175, 0.4879409372806549, 0.40882036089897156, 0.3615129590034485, 0.32427191734313965, 0.29645049571990967, 0.2766314744949341, 0.2588580250740051, 0.24559849500656128, 0.2407032698392868, 0.22806669771671295, 0.2198895812034607, 0.20681563019752502, 0.20722374320030212, 0.20325419306755066, 0.19035176932811737, 0.19136838614940643, 0.1849101036787033, 0.189559668302536, 0.17346800863742828, 0.1717592030763626, 0.17230184376239777, 0.16723978519439697, 0.16085122525691986, 0.16385534405708313, 0.16144675016403198, 0.15859775245189667, 0.15703828632831573, 0.15556983649730682, 0.1539231687784195], "learning_rate": [9.999999747378752e-05, 9.999999747378752e-05, 9.999999747378752e-05, 9.999999747378752e-05, 9.999999747378752e-05, 9.999999747378752e-05, 9.999999747378752e-05, 9.999999747378752e-05, 9.999999747378752e-05, 9.999999747378752e-05, 9.999999747378752e-05, 9.999999747378752e-05, 9.999999747378752e-05, 9.999999747378752e-05, 9.999999747378752e-05, 9.999999747378752e-05, 9.999999747378752e-05, 9.999999747378752e-05, 9.999999747378752e-05, 9.999999747378752e-05, 9.999999747378752e-05, 9.999999747378752e-05, 9.999999747378752e-05, 9.999999747378752e-05, 9.999999747378752e-05, 9.999999747378752e-05, 4.999999873689376e-05, 4.999999873689376e-05, 4.999999873689376e-05, 4.999999873689376e-05]}